
{
    "product_id": "1351",
    "ac22_approved_for_public": "1",
    "primary_station": "FPL",
    "historical_station": "OTHER",
    "entrystatus": "Published to Web",
    "product_type_id": "1",
    "product_type_desc": "Publication",
    "product_subtype_id": null,
    "product_subtype_desc": null,
    "referee_status_id": "2",
    "status_name": "Informally Refereed (Peer-Reviewed)",
    "pub_type_id": "53",
    "pub_type_desc": "Miscellaneous Publication",
    "title": "Prehydrolysis of aspen wood with water and with dilute aqueous sulfuric acid",
    "product_year": " 1982",
    "abstract": "Water prehydrolysis of aspen wood was compared with 0.40% sulfuric acid prehydrolysis at a reaction temperature of 170°C. Acid prehydrolysis gave much higher yields of total anhydroxylose units in the prehydrolyzate and removed significantly less anhydroglucose from the wood than did the water treatment. At maximum yields of total anhydroxylose units in the prehydrolyzates, much more monomeric xylose was present in the acid prehydrolyzate than in the water prehydrolyzate.",
    "citation": "Springer, Edward L.; Harris, John F. 1982. Prehydrolysis of aspen wood with water and with dilute aqueous sulfuric acid.  Svensk papperstidning.  Vol. 85, no. 15 (Oct 1982): pages R152-R154.",
    "keywords": "Populus tremuloides, sulfuric acid, xylan, xylose, glucans, lignin, water, kraft pulping, anhydroxylose,",
    "doi": null,
    "url_binary_file": "https://www.fpl.fs.fed.us/documnts/pdf1982/sprin82a.pdf",
    "binary_filesize": "79 KB",
    "url_landing_page": "https://www.fs.usda.gov/treesearch/pubs/30546",
    "treesearch_pub_id": "30546",
    "pub_parent_id": null,
    "pub_child_number": null,
    "pub_parent_ind": "0",
    "pub_publication": "Svensk papperstidning.  Vol. 85, no. 15 (Oct 1982): pages R152-R154.",
    "proceedings_ind": "0",
    "pub_volume": null,
    "pub_issue": null,
    "pub_page": null,
    "pub_page_start": null,
    "pub_page_end": null,
    "pub_source": "T",
    "geographic_terms": null,
    "issn_id": null,
    "is_early_release": "0",
    "created_on": "18-JUL-2008 14:29:22",
    "modified_on": "18-JUL-2008 14:34:05",
    "send_to_reviewer_ind": "A",
    "publish_to_web_ind": "Y",
    "send_to_reviewer": null,
    "child_publications": "",
    "national_research_taxonomy_elements": "",
    "pub_authors": [
        {
            "name": "Springer, Edward L.",
            "station_id": "",
            "unit_id": "",
            "team_id": "",
            "alias": "",
            "user_id": "",
            "is_employee_active": "0",
            "is_researcher": "0",
            "author_order": "1"
        },
        {
            "name": "Harris, John F.",
            "station_id": "",
            "unit_id": "",
            "team_id": "",
            "alias": "",
            "user_id": "",
            "is_employee_active": "0",
            "is_researcher": "0",
            "author_order": "2"
        }
    ],
    "current_organizational_memberships": [
        {
            "name": "Springer, Edward L.",
            "station_id": "",
            "unit_id": "",
            "team_id": "",
            "alias": "",
            "user_id": "",
            "is_employee_active": "0",
            "is_researcher": "0",
            "author_order": "1"
        },
        {
            "name": "Harris, John F.",
            "station_id": "",
            "unit_id": "",
            "team_id": "",
            "alias": "",
            "user_id": "",
            "is_employee_active": "0",
            "is_researcher": "0",
            "author_order": "2"
        }
    ],
    "strategic_program_areas": "",
    "cris_projects": "",
    "experimental_forests": "",
    "eco_regions": "",
    "latlongs": "",
    "usnatforests": "",
    "countystates": ""
}