
{
    "product_id": "1447",
    "ac22_approved_for_public": "1",
    "primary_station": "PNW",
    "historical_station": "PNW",
    "entrystatus": "Published to Web",
    "product_type_id": "1",
    "product_type_desc": "Publication",
    "product_subtype_id": null,
    "product_subtype_desc": null,
    "referee_status_id": "2",
    "status_name": "Informally Refereed (Peer-Reviewed)",
    "pub_type_id": "5",
    "pub_type_desc": "Resource Bulletin (RB)",
    "title": "Oregon's forest products industry: 1976.",
    "product_year": " 1976",
    "abstract": "This report presents the findings of a 100-percent canvas of the primary forest products industry in Oregon for 1976. Tabular presentation includes characteristics of the industry log consumption and disposition of mill residues. Accompanying the tables is a descriptive analysis of conditions and trends in the industry.",
    "citation": "Howard, James O.; Hiserote, Bruce A. 1976. Oregon''s forest products industry: 1976.  Res. Bull. PNW-RB-079. Portland, OR: U.S. Department of Agriculture, Forest Service, Pacific Northwest Research Station. 109 p",
    "keywords": "forest products industry, wood utilization, wood waste utilization, mill operations/products, Oregon",
    "doi": null,
    "url_binary_file": "https://www.fs.fed.us/pnw/pubs/pnw_rb079.pdf",
    "binary_filesize": "4.70 MB",
    "url_landing_page": "https://www.fs.usda.gov/treesearch/pubs/26231",
    "treesearch_pub_id": "26231",
    "pub_parent_id": null,
    "pub_child_number": null,
    "pub_parent_ind": "0",
    "pub_publication": "Res. Bull. PNW-RB-079. Portland, OR: U.S. Department of Agriculture, Forest Service, Pacific Northwest Research Station. 109 p",
    "proceedings_ind": "0",
    "pub_volume": "079",
    "pub_issue": null,
    "pub_page": null,
    "pub_page_start": null,
    "pub_page_end": null,
    "pub_source": "T",
    "geographic_terms": null,
    "issn_id": null,
    "is_early_release": "0",
    "created_on": "21-FEB-2007 10:46:43",
    "modified_on": "17-APR-2008 10:22:20",
    "send_to_reviewer_ind": "A",
    "publish_to_web_ind": "Y",
    "send_to_reviewer": null,
    "child_publications": "",
    "national_research_taxonomy_elements": [
        {
            "nrt_id": "79",
            "nrt_title": "Forest products industry"
        },
        {
            "nrt_id": "88",
            "nrt_title": "Wood utilization"
        }
    ],
    "pub_authors": [
        {
            "name": "Howard, James O.",
            "station_id": "FPL",
            "unit_id": "4851",
            "team_id": "",
            "alias": "jlhoward",
            "user_id": "157",
            "is_employee_active": "0",
            "is_researcher": "1",
            "author_order": "1"
        },
        {
            "name": "Hiserote, Bruce A.",
            "station_id": "PNW",
            "unit_id": "4869",
            "team_id": "",
            "alias": "bhiserote",
            "user_id": "933",
            "is_employee_active": "0",
            "is_researcher": "1",
            "author_order": "2"
        }
    ],
    "current_organizational_memberships": [
        {
            "name": "Howard, James O.",
            "station_id": "FPL",
            "unit_id": "4851",
            "team_id": "",
            "alias": "jlhoward",
            "user_id": "157",
            "is_employee_active": "0",
            "is_researcher": "1",
            "author_order": "1"
        },
        {
            "name": "Hiserote, Bruce A.",
            "station_id": "PNW",
            "unit_id": "4869",
            "team_id": "",
            "alias": "bhiserote",
            "user_id": "933",
            "is_employee_active": "0",
            "is_researcher": "1",
            "author_order": "2"
        }
    ],
    "strategic_program_areas": "",
    "cris_projects": "",
    "experimental_forests": "",
    "eco_regions": "",
    "latlongs": "",
    "usnatforests": "",
    "countystates": ""
}