
{
    "product_id": "589",
    "ac22_approved_for_public": "1",
    "primary_station": "FPL",
    "historical_station": "FPL",
    "entrystatus": "Published to Web",
    "product_type_id": "1",
    "product_type_desc": "Publication",
    "product_subtype_id": null,
    "product_subtype_desc": null,
    "referee_status_id": "2",
    "status_name": "Informally Refereed (Peer-Reviewed)",
    "pub_type_id": "8",
    "pub_type_desc": "Research Note (RN)",
    "title": "U.S. forest products annual market review and prospects, 2004–2008",
    "product_year": " 2007",
    "abstract": "This report provides general and statistical information on forest products markets in terms of production, trade, consumption, and prices. The current state of the U.S. economy is described. Market developments are described for sawn softwood, sawn hardwood, softwood log trade, wood-based panels, paper and paperboard, fuelwood, and forest product prices. Policy initiatives that can affect domestic markets and international trade in wood products are also discussed in some detail. Estimates are made through the end of the year 2007.",
    "citation": "Howard, James L.; Westby, Rebecca. 2007. U.S. forest products annual market review and prospects, 2004–2008.  Research Note FPL-RN-0305. Madison, WI: U.S. Department of Agriculture, Forest Service, Forest Products Laboratory. 8 pages",
    "keywords": "Production, trade, prices",
    "doi": "10.2737/FPL-RN-305",
    "url_binary_file": "https://www.fpl.fs.fed.us/documnts/fplrn/fpl_rn305.pdf",
    "binary_filesize": "2.5 MB",
    "url_landing_page": "https://www.fs.usda.gov/treesearch/pubs/28976",
    "treesearch_pub_id": "28976",
    "pub_parent_id": null,
    "pub_child_number": null,
    "pub_parent_ind": "0",
    "pub_publication": "Research Note FPL-RN-0305. Madison, WI: U.S. Department of Agriculture, Forest Service, Forest Products Laboratory. 8 pages",
    "proceedings_ind": "0",
    "pub_volume": "305",
    "pub_issue": null,
    "pub_page": null,
    "pub_page_start": null,
    "pub_page_end": null,
    "pub_source": "T",
    "geographic_terms": null,
    "issn_id": null,
    "is_early_release": "0",
    "created_on": "08-NOV-2007 16:26:05",
    "modified_on": "08-NOV-2007 16:28:18",
    "send_to_reviewer_ind": "A",
    "publish_to_web_ind": "Y",
    "send_to_reviewer": null,
    "child_publications": "",
    "national_research_taxonomy_elements": "",
    "pub_authors": [
        {
            "name": "Howard, James L.",
            "station_id": "FPL",
            "unit_id": "4851",
            "team_id": "",
            "alias": "jlhoward",
            "user_id": "157",
            "is_employee_active": "0",
            "is_researcher": "1",
            "author_order": "1"
        },
        {
            "name": "Westby, Rebecca",
            "station_id": "FPL",
            "unit_id": "4851",
            "team_id": "",
            "alias": "rwestby",
            "user_id": "191",
            "is_employee_active": "0",
            "is_researcher": "0",
            "author_order": "2"
        }
    ],
    "current_organizational_memberships": [
        {
            "name": "Howard, James L.",
            "station_id": "FPL",
            "unit_id": "4851",
            "team_id": "",
            "alias": "jlhoward",
            "user_id": "157",
            "is_employee_active": "0",
            "is_researcher": "1",
            "author_order": "1"
        },
        {
            "name": "Westby, Rebecca",
            "station_id": "FPL",
            "unit_id": "4851",
            "team_id": "",
            "alias": "rwestby",
            "user_id": "191",
            "is_employee_active": "0",
            "is_researcher": "0",
            "author_order": "2"
        }
    ],
    "strategic_program_areas": "",
    "cris_projects": "",
    "experimental_forests": "",
    "eco_regions": "",
    "latlongs": "",
    "usnatforests": "",
    "countystates": ""
}