
{
    "product_id": "1507",
    "ac22_approved_for_public": "1",
    "primary_station": "FPL",
    "historical_station": "OTHER",
    "entrystatus": "Published to Web",
    "product_type_id": "1",
    "product_type_desc": "Publication",
    "product_subtype_id": null,
    "product_subtype_desc": null,
    "referee_status_id": "2",
    "status_name": "Informally Refereed (Peer-Reviewed)",
    "pub_type_id": "53",
    "pub_type_desc": "Miscellaneous Publication",
    "title": "Structural lumber from suppressed-growth ponderosa pine from northern Arizona",
    "product_year": " 2007",
    "abstract": null,
    "citation": "Gorman, Thomas M.; Green, David W.; Cisternas, Aldo G.; Hernandez, Roland; Lowell, Eini C. 2007. Structural lumber from suppressed-growth ponderosa pine from northern Arizona.  Forest Products Journal 57(12): 42-47.",
    "keywords": "",
    "doi": null,
    "url_binary_file": "https://www.fpl.fs.fed.us/documnts/pdf2007/fpl_2007_gorman001.pdf",
    "binary_filesize": "230 KB",
    "url_landing_page": "https://www.fs.usda.gov/treesearch/pubs/29764",
    "treesearch_pub_id": "29764",
    "pub_parent_id": null,
    "pub_child_number": null,
    "pub_parent_ind": "0",
    "pub_publication": null,
    "proceedings_ind": "0",
    "pub_volume": null,
    "pub_issue": null,
    "pub_page": null,
    "pub_page_start": null,
    "pub_page_end": null,
    "pub_source": "T",
    "geographic_terms": null,
    "issn_id": null,
    "is_early_release": "0",
    "created_on": "14-APR-2008 11:35:58",
    "modified_on": "18-NOV-2008 00:00:00",
    "send_to_reviewer_ind": "A",
    "publish_to_web_ind": "Y",
    "send_to_reviewer": null,
    "child_publications": "",
    "national_research_taxonomy_elements": "",
    "pub_authors": [
        {
            "name": "Gorman, Thomas M.",
            "station_id": "",
            "unit_id": "",
            "team_id": "",
            "alias": "",
            "user_id": "",
            "is_employee_active": "0",
            "is_researcher": "0",
            "author_order": "1"
        },
        {
            "name": "Green, David W.",
            "station_id": "",
            "unit_id": "",
            "team_id": "",
            "alias": "",
            "user_id": "",
            "is_employee_active": "0",
            "is_researcher": "0",
            "author_order": "2"
        },
        {
            "name": "Cisternas, Aldo G.",
            "station_id": "",
            "unit_id": "",
            "team_id": "",
            "alias": "",
            "user_id": "",
            "is_employee_active": "0",
            "is_researcher": "0",
            "author_order": "3"
        },
        {
            "name": "Hernandez, Roland",
            "station_id": "",
            "unit_id": "",
            "team_id": "",
            "alias": "",
            "user_id": "",
            "is_employee_active": "0",
            "is_researcher": "0",
            "author_order": "4"
        },
        {
            "name": "Lowell, Eini C.",
            "station_id": "PNW",
            "unit_id": "4865",
            "team_id": "",
            "alias": "elowell",
            "user_id": "872",
            "is_employee_active": "0",
            "is_researcher": "1",
            "author_order": "5"
        }
    ],
    "current_organizational_memberships": [
        {
            "name": "Gorman, Thomas M.",
            "station_id": "",
            "unit_id": "",
            "team_id": "",
            "alias": "",
            "user_id": "",
            "is_employee_active": "0",
            "is_researcher": "0",
            "author_order": "1"
        },
        {
            "name": "Green, David W.",
            "station_id": "",
            "unit_id": "",
            "team_id": "",
            "alias": "",
            "user_id": "",
            "is_employee_active": "0",
            "is_researcher": "0",
            "author_order": "2"
        },
        {
            "name": "Cisternas, Aldo G.",
            "station_id": "",
            "unit_id": "",
            "team_id": "",
            "alias": "",
            "user_id": "",
            "is_employee_active": "0",
            "is_researcher": "0",
            "author_order": "3"
        },
        {
            "name": "Hernandez, Roland",
            "station_id": "",
            "unit_id": "",
            "team_id": "",
            "alias": "",
            "user_id": "",
            "is_employee_active": "0",
            "is_researcher": "0",
            "author_order": "4"
        },
        {
            "name": "Lowell, Eini C.",
            "station_id": "PNW",
            "unit_id": "2665",
            "team_id": "41",
            "alias": "elowell",
            "user_id": "872",
            "is_employee_active": "0",
            "is_researcher": "1",
            "author_order": "5"
        }
    ],
    "strategic_program_areas": "",
    "cris_projects": "",
    "experimental_forests": "",
    "eco_regions": "",
    "latlongs": "",
    "usnatforests": "",
    "countystates": ""
}