
{
    "product_id": "2708",
    "ac22_approved_for_public": "1",
    "primary_station": "PNW",
    "historical_station": "PNW",
    "entrystatus": "Published to Web",
    "product_type_id": "1",
    "product_type_desc": "Publication",
    "product_subtype_id": null,
    "product_subtype_desc": null,
    "referee_status_id": "2",
    "status_name": "Informally Refereed (Peer-Reviewed)",
    "pub_type_id": "3",
    "pub_type_desc": "General Technical Report (GTR)",
    "title": "The 2005 RPA timber assessment update.",
    "product_year": " 2007",
    "abstract": "This update reports changes in the Nation's timber resource since the Analysis of the Timber Situation in the United States was completed in 2003. Prospective trends in demands for and supplies of timber, and the factors that affect these trends are examined. These trends include changes in the U.S. economy, increased salvage of British Columbia beetle-killed timber, and a stronger U.S. dollar. Other prospective trends that might alter the future timber situation are discussed including changes in U.S. timberland area, reductions in southern pine plantation establishment, impacts of climate change on forest productivity, increased restoration thinning on Western public lands, and the impact of programs to increase carbon sequestration through afforestation. Various management implications such as the influence of prices on forest management, concerns about changes in forest area, the emerging open space issue, forests as a set of commons, seeking to find greater compatibility in forest management, and the stewardship agenda are discussed.",
    "citation": "Haynes, Richard W.; Adams, Darius M.; Alig, Ralph J.; Ince, Peter J.; Mills, John R.; Zhou, Xiaoping. 2007. The 2005 RPA timber assessment update.  Gen. Tech. Rep. PNW-GTR-699. Portland, OR: U.S. Department of Agriculture, Forest Service, Pacific Northwest Research Station. 212 p",
    "keywords": "RPA assessments, timber projections, supply, demand, management alternatives, resource trends",
    "doi": "10.2737/PNW-GTR-699",
    "url_binary_file": "https://www.fs.fed.us/pnw/pubs/pnw_gtr699.pdf",
    "binary_filesize": "5.0 MB",
    "url_landing_page": "https://www.fs.usda.gov/treesearch/pubs/26905",
    "treesearch_pub_id": "26905",
    "pub_parent_id": null,
    "pub_child_number": null,
    "pub_parent_ind": "0",
    "pub_publication": "Gen. Tech. Rep. PNW-GTR-699. Portland, OR: U.S. Department of Agriculture, Forest Service, Pacific Northwest Research Station. 212 p",
    "proceedings_ind": "0",
    "pub_volume": "699",
    "pub_issue": null,
    "pub_page": null,
    "pub_page_start": null,
    "pub_page_end": null,
    "pub_source": "T",
    "geographic_terms": null,
    "issn_id": null,
    "is_early_release": "0",
    "created_on": "09-APR-2007 16:12:19",
    "modified_on": "11-OCT-2016 17:01:03",
    "send_to_reviewer_ind": "A",
    "publish_to_web_ind": "Y",
    "send_to_reviewer": null,
    "child_publications": "",
    "national_research_taxonomy_elements": [
        {
            "nrt_id": "10",
            "nrt_title": "Carbon"
        },
        {
            "nrt_id": "45",
            "nrt_title": "Assessments"
        },
        {
            "nrt_id": "56",
            "nrt_title": "Forest management"
        },
        {
            "nrt_id": "61",
            "nrt_title": "Restoration"
        },
        {
            "nrt_id": "62",
            "nrt_title": "Timber"
        }
    ],
    "pub_authors": [
        {
            "name": "Haynes, Richard W.",
            "station_id": "PNW",
            "unit_id": "",
            "team_id": "",
            "alias": "rhaynes",
            "user_id": "1332",
            "is_employee_active": "0",
            "is_researcher": "1",
            "author_order": "1"
        },
        {
            "name": "Adams, Darius M.",
            "station_id": "",
            "unit_id": "",
            "team_id": "",
            "alias": "",
            "user_id": "",
            "is_employee_active": "0",
            "is_researcher": "0",
            "author_order": "2"
        },
        {
            "name": "Alig, Ralph J.",
            "station_id": "PNW",
            "unit_id": "",
            "team_id": "",
            "alias": "ralig",
            "user_id": "920",
            "is_employee_active": "0",
            "is_researcher": "1",
            "author_order": "3"
        },
        {
            "name": "Ince, Peter J.",
            "station_id": "FPL",
            "unit_id": "4851",
            "team_id": "",
            "alias": "pince",
            "user_id": "19",
            "is_employee_active": "0",
            "is_researcher": "1",
            "author_order": "4"
        },
        {
            "name": "Mills, John R.",
            "station_id": "PNW",
            "unit_id": "",
            "team_id": "",
            "alias": "jmills",
            "user_id": "1167",
            "is_employee_active": "0",
            "is_researcher": "1",
            "author_order": "5"
        },
        {
            "name": "Zhou, Xiaoping",
            "station_id": "",
            "unit_id": "",
            "team_id": "",
            "alias": "",
            "user_id": "",
            "is_employee_active": "0",
            "is_researcher": "0",
            "author_order": "6"
        }
    ],
    "current_organizational_memberships": [
        {
            "name": "Haynes, Richard W.",
            "station_id": "PNW",
            "unit_id": "4865",
            "team_id": "",
            "alias": "rhaynes",
            "user_id": "1332",
            "is_employee_active": "0",
            "is_researcher": "1",
            "author_order": "1"
        },
        {
            "name": "Adams, Darius M.",
            "station_id": "",
            "unit_id": "",
            "team_id": "",
            "alias": "",
            "user_id": "",
            "is_employee_active": "0",
            "is_researcher": "0",
            "author_order": "2"
        },
        {
            "name": "Alig, Ralph J.",
            "station_id": "PNW",
            "unit_id": "2665",
            "team_id": "",
            "alias": "ralig",
            "user_id": "920",
            "is_employee_active": "0",
            "is_researcher": "1",
            "author_order": "3"
        },
        {
            "name": "Ince, Peter J.",
            "station_id": "FPL",
            "unit_id": "4851",
            "team_id": "",
            "alias": "pince",
            "user_id": "19",
            "is_employee_active": "0",
            "is_researcher": "1",
            "author_order": "4"
        },
        {
            "name": "Mills, John R.",
            "station_id": "PNW",
            "unit_id": "2669",
            "team_id": "52",
            "alias": "jmills",
            "user_id": "1167",
            "is_employee_active": "0",
            "is_researcher": "1",
            "author_order": "5"
        },
        {
            "name": "Zhou, Xiaoping",
            "station_id": "",
            "unit_id": "",
            "team_id": "",
            "alias": "",
            "user_id": "",
            "is_employee_active": "0",
            "is_researcher": "0",
            "author_order": "6"
        }
    ],
    "strategic_program_areas": "",
    "cris_projects": "",
    "experimental_forests": "",
    "eco_regions": "",
    "latlongs": "",
    "usnatforests": "",
    "countystates": ""
}