
{
    "product_id": "1622",
    "ac22_approved_for_public": "1",
    "primary_station": "FPL",
    "historical_station": "OTHER",
    "entrystatus": "Published to Web",
    "product_type_id": "1",
    "product_type_desc": "Publication",
    "product_subtype_id": null,
    "product_subtype_desc": null,
    "referee_status_id": "2",
    "status_name": "Informally Refereed (Peer-Reviewed)",
    "pub_type_id": "53",
    "pub_type_desc": "Miscellaneous Publication",
    "title": "Hexeneuronic acid content of chemical pulp",
    "product_year": " 2007",
    "abstract": "This method describes a procedure to determine hexeneuronic acid groups (HexA) in chemical pulps. HexA affects the kappa number determination by reaction with permanganate, and can react with certain bleaching chemicals, e.g. chlorine dioxide and ozone, but not with some others such as oxygen and peroxide. The method is based on the highly selective hydrolysis of HexA from a pulp sample in a mercuric chloridesodium acetate solution. Complete hydrolysis of HexA from pulps is achieved within 30 minutes by choosing the appropriate hydrolysis conditions (the concentration of the hydrolysis agent and the composition of the hydrolysis solution) and temperature. The amount of HexA is directly determined by UV spectrophotometry from the resulting hydrolysis solution (1). A dual-wavelength spectroscopic technique (at 260 and 290 nm) is used to eliminate the spectral interference from the leached lignin in the resulting solution.",
    "citation": "Zhu, Junyong; Chai, X.S. 2007. Hexeneuronic acid content of chemical pulp.  TAPPI test method ; no. T282pm-07.  Atlanta, GA : TAPPI, c2007: 4 pages",
    "keywords": "Permanganates, peroxides, oxygen, ozone, pulping, chemical reactions, wood-pulp, bleaching, hydrolysis, chlorine dioxide, mercuric chloride, sodium acetate, chemical pulping, alkaline pulping, hexeneuronic acid",
    "doi": null,
    "url_binary_file": "https://www.fpl.fs.fed.us/documnts/pdf2007/fpl_2007_zhu005.pdf",
    "binary_filesize": "198 KB",
    "url_landing_page": "https://www.fs.usda.gov/treesearch/pubs/29776",
    "treesearch_pub_id": "29776",
    "pub_parent_id": null,
    "pub_child_number": null,
    "pub_parent_ind": "0",
    "pub_publication": "TAPPI test method ; no. T282pm-07.  Atlanta, GA : TAPPI, c2007: 4 pages",
    "proceedings_ind": "0",
    "pub_volume": null,
    "pub_issue": null,
    "pub_page": null,
    "pub_page_start": null,
    "pub_page_end": null,
    "pub_source": "T",
    "geographic_terms": null,
    "issn_id": null,
    "is_early_release": "0",
    "created_on": "14-APR-2008 14:02:06",
    "modified_on": "14-APR-2008 14:14:39",
    "send_to_reviewer_ind": "A",
    "publish_to_web_ind": "Y",
    "send_to_reviewer": null,
    "child_publications": "",
    "national_research_taxonomy_elements": "",
    "pub_authors": [
        {
            "name": "Zhu, Junyong",
            "station_id": "FPL",
            "unit_id": "4706",
            "team_id": "",
            "alias": "jzhu",
            "user_id": "113",
            "is_employee_active": "1",
            "is_researcher": "1",
            "author_order": "1"
        },
        {
            "name": "Chai, X.S.",
            "station_id": "",
            "unit_id": "",
            "team_id": "",
            "alias": "",
            "user_id": "",
            "is_employee_active": "0",
            "is_researcher": "0",
            "author_order": "2"
        }
    ],
    "current_organizational_memberships": [
        {
            "name": "Zhu, Junyong",
            "station_id": "FPL",
            "unit_id": "4709",
            "team_id": "",
            "alias": "jzhu",
            "user_id": "113",
            "is_employee_active": "1",
            "is_researcher": "1",
            "author_order": "1"
        },
        {
            "name": "Chai, X.S.",
            "station_id": "",
            "unit_id": "",
            "team_id": "",
            "alias": "",
            "user_id": "",
            "is_employee_active": "0",
            "is_researcher": "0",
            "author_order": "2"
        }
    ],
    "strategic_program_areas": "",
    "cris_projects": "",
    "experimental_forests": "",
    "eco_regions": "",
    "latlongs": "",
    "usnatforests": "",
    "countystates": ""
}