
{
    "product_id": "280",
    "ac22_approved_for_public": "1",
    "primary_station": "SRS",
    "historical_station": "OTHER",
    "entrystatus": "Published to Web",
    "product_type_id": "1",
    "product_type_desc": "Publication",
    "product_subtype_id": null,
    "product_subtype_desc": null,
    "referee_status_id": "2",
    "status_name": "Informally Refereed (Peer-Reviewed)",
    "pub_type_id": "1",
    "pub_type_desc": "Scientific Journal (JRNL)",
    "title": "Selected mechanical and physical properties of Chinese tallow tree juvenile wood",
    "product_year": " 2008",
    "abstract": "Chinese tallow tree is a noxious, invasive plant in the Southeastern United States. It is generally considered a nuisance and has no current commercial use. The objective of this research was to determine the moduli of rupture (MOR) and elasticity (MOE) of the stem wood of this species at different vertical sampling locations. Three Chinese tallow trees were felled and cut into bolts before sampling along the east and west radial directions. It was found that Chinese tallow tree has sufficient bending strength for low to medium structural uses. Tree, bolt, and sampling direction were all found to be significant sources of variation for the MOR and MOE data.",
    "citation": "Shupe, Todd F.; Groom, LEslie H.; Eberhardt, Thomas L.; Pesacreta, Thomas C.; Rials, Timothy G. 2008. Selected mechanical and physical properties of Chinese tallow tree juvenile wood.  Forest Products Journal, 59(4): 90-93",
    "keywords": "",
    "doi": null,
    "url_binary_file": "https://www.srs.fs.usda.gov/pubs/ja/ja_shupe014.pdf",
    "binary_filesize": "68.4 KB",
    "url_landing_page": "https://www.fs.usda.gov/treesearch/pubs/29856",
    "treesearch_pub_id": "29856",
    "pub_parent_id": null,
    "pub_child_number": null,
    "pub_parent_ind": "0",
    "pub_publication": "Forest Products Journal, 59(4): 90-93",
    "proceedings_ind": "0",
    "pub_volume": null,
    "pub_issue": null,
    "pub_page": null,
    "pub_page_start": null,
    "pub_page_end": null,
    "pub_source": "T",
    "geographic_terms": null,
    "issn_id": null,
    "is_early_release": "0",
    "created_on": "28-APR-2008 13:59:41",
    "modified_on": "03-JUN-2008 11:51:58",
    "send_to_reviewer_ind": "A",
    "publish_to_web_ind": "Y",
    "send_to_reviewer": null,
    "child_publications": "",
    "national_research_taxonomy_elements": "",
    "pub_authors": [
        {
            "name": "Shupe, Todd F.",
            "station_id": "",
            "unit_id": "",
            "team_id": "",
            "alias": "",
            "user_id": "",
            "is_employee_active": "0",
            "is_researcher": "0",
            "author_order": "1"
        },
        {
            "name": "Groom, LEslie H.",
            "station_id": "",
            "unit_id": "",
            "team_id": "",
            "alias": "",
            "user_id": "",
            "is_employee_active": "0",
            "is_researcher": "0",
            "author_order": "2"
        },
        {
            "name": "Eberhardt, Thomas L.",
            "station_id": "SRS",
            "unit_id": "4704",
            "team_id": "",
            "alias": "teberhardt",
            "user_id": "2723",
            "is_employee_active": "1",
            "is_researcher": "1",
            "author_order": "3"
        },
        {
            "name": "Pesacreta, Thomas C.",
            "station_id": "",
            "unit_id": "",
            "team_id": "",
            "alias": "",
            "user_id": "",
            "is_employee_active": "0",
            "is_researcher": "0",
            "author_order": "4"
        },
        {
            "name": "Rials, Timothy G.",
            "station_id": "",
            "unit_id": "",
            "team_id": "",
            "alias": "",
            "user_id": "",
            "is_employee_active": "0",
            "is_researcher": "0",
            "author_order": "5"
        }
    ],
    "current_organizational_memberships": [
        {
            "name": "Shupe, Todd F.",
            "station_id": "",
            "unit_id": "",
            "team_id": "",
            "alias": "",
            "user_id": "",
            "is_employee_active": "0",
            "is_researcher": "0",
            "author_order": "1"
        },
        {
            "name": "Groom, LEslie H.",
            "station_id": "",
            "unit_id": "",
            "team_id": "",
            "alias": "",
            "user_id": "",
            "is_employee_active": "0",
            "is_researcher": "0",
            "author_order": "2"
        },
        {
            "name": "Eberhardt, Thomas L.",
            "station_id": "FPL",
            "unit_id": "4715",
            "team_id": "",
            "alias": "teberhardt",
            "user_id": "2723",
            "is_employee_active": "1",
            "is_researcher": "1",
            "author_order": "3"
        },
        {
            "name": "Pesacreta, Thomas C.",
            "station_id": "",
            "unit_id": "",
            "team_id": "",
            "alias": "",
            "user_id": "",
            "is_employee_active": "0",
            "is_researcher": "0",
            "author_order": "4"
        },
        {
            "name": "Rials, Timothy G.",
            "station_id": "",
            "unit_id": "",
            "team_id": "",
            "alias": "",
            "user_id": "",
            "is_employee_active": "0",
            "is_researcher": "0",
            "author_order": "5"
        }
    ],
    "strategic_program_areas": "",
    "cris_projects": "",
    "experimental_forests": "",
    "eco_regions": "",
    "latlongs": "",
    "usnatforests": "",
    "countystates": ""
}