
{
    "product_id": "1174",
    "ac22_approved_for_public": "1",
    "primary_station": "FPL",
    "historical_station": "OTHER",
    "entrystatus": "Published to Web",
    "product_type_id": "1",
    "product_type_desc": "Publication",
    "product_subtype_id": null,
    "product_subtype_desc": null,
    "referee_status_id": "2",
    "status_name": "Informally Refereed (Peer-Reviewed)",
    "pub_type_id": "53",
    "pub_type_desc": "Miscellaneous Publication",
    "title": "Acoustic assessment of stress level and potential wood quality of logs affected by oak decline",
    "product_year": " 2007",
    "abstract": null,
    "citation": "Wang, Xiping; Stelzer, Henry E.; Wiedenbeck, Jan; Ross, Robert J. 2007. Acoustic assessment of stress level and potential wood quality of logs affected by oak decline. In: 15th central hardwood forest conference, proceedings of a conference held at the University of Tennessee, Knoxville, TN, February 27-March 1, 2006.  Asheville, NC : U.S. Dept. of Agriculture, Forest Service, Southern Research Station.. General technical report SRS ; GTR-101: p. 513-523.",
    "keywords": "",
    "doi": null,
    "url_binary_file": "https://www.fpl.fs.fed.us/documnts/pdf2007/fpl_2007_wang004.pdf",
    "binary_filesize": "1.0 MB",
    "url_landing_page": "https://www.fs.usda.gov/treesearch/pubs/29766",
    "treesearch_pub_id": "29766",
    "pub_parent_id": "12266",
    "pub_child_number": "61",
    "pub_parent_ind": "0",
    "pub_publication": null,
    "proceedings_ind": "0",
    "pub_volume": null,
    "pub_issue": null,
    "pub_page": null,
    "pub_page_start": null,
    "pub_page_end": null,
    "pub_source": "T",
    "geographic_terms": null,
    "issn_id": null,
    "is_early_release": "0",
    "created_on": "14-APR-2008 11:52:02",
    "modified_on": "18-NOV-2008 00:00:00",
    "send_to_reviewer_ind": "A",
    "publish_to_web_ind": "Y",
    "send_to_reviewer": null,
    "child_publications": "",
    "national_research_taxonomy_elements": "",
    "pub_authors": [
        {
            "name": "Wang, Xiping",
            "station_id": "FPL",
            "unit_id": "4714",
            "team_id": "",
            "alias": "xwang",
            "user_id": "119",
            "is_employee_active": "1",
            "is_researcher": "1",
            "author_order": "1"
        },
        {
            "name": "Stelzer, Henry E.",
            "station_id": "",
            "unit_id": "",
            "team_id": "",
            "alias": "",
            "user_id": "",
            "is_employee_active": "0",
            "is_researcher": "0",
            "author_order": "2"
        },
        {
            "name": "Wiedenbeck, Jan",
            "station_id": "NRS",
            "unit_id": "1",
            "team_id": "",
            "alias": "jwiedenbeck",
            "user_id": "621",
            "is_employee_active": "1",
            "is_researcher": "1",
            "author_order": "3"
        },
        {
            "name": "Ross, Robert J.",
            "station_id": "FPL",
            "unit_id": "4714",
            "team_id": "",
            "alias": "rjross",
            "user_id": "132",
            "is_employee_active": "1",
            "is_researcher": "1",
            "author_order": "4"
        }
    ],
    "current_organizational_memberships": [
        {
            "name": "Wang, Xiping",
            "station_id": "FPL",
            "unit_id": "4714",
            "team_id": "",
            "alias": "xwang",
            "user_id": "119",
            "is_employee_active": "1",
            "is_researcher": "1",
            "author_order": "1"
        },
        {
            "name": "Stelzer, Henry E.",
            "station_id": "",
            "unit_id": "",
            "team_id": "",
            "alias": "",
            "user_id": "",
            "is_employee_active": "0",
            "is_researcher": "0",
            "author_order": "2"
        },
        {
            "name": "Wiedenbeck, Jan",
            "station_id": "NRS",
            "unit_id": "1",
            "team_id": "",
            "alias": "jwiedenbeck",
            "user_id": "621",
            "is_employee_active": "1",
            "is_researcher": "1",
            "author_order": "3"
        },
        {
            "name": "Wiedenbeck, Jan",
            "station_id": "NRS",
            "unit_id": "2",
            "team_id": "",
            "alias": "jwiedenbeck",
            "user_id": "621",
            "is_employee_active": "1",
            "is_researcher": "1",
            "author_order": "3"
        },
        {
            "name": "Ross, Robert J.",
            "station_id": "FPL",
            "unit_id": "4714",
            "team_id": "",
            "alias": "rjross",
            "user_id": "132",
            "is_employee_active": "1",
            "is_researcher": "1",
            "author_order": "4"
        }
    ],
    "strategic_program_areas": "",
    "cris_projects": "",
    "experimental_forests": "",
    "eco_regions": "",
    "latlongs": "",
    "usnatforests": "",
    "countystates": ""
}