
{
    "product_id": "2189",
    "ac22_approved_for_public": "1",
    "primary_station": "FPL",
    "historical_station": "FPL",
    "entrystatus": "Published to Web",
    "product_type_id": "1",
    "product_type_desc": "Publication",
    "product_subtype_id": null,
    "product_subtype_desc": null,
    "referee_status_id": "2",
    "status_name": "Informally Refereed (Peer-Reviewed)",
    "pub_type_id": "3",
    "pub_type_desc": "General Technical Report (GTR)",
    "title": "Forest products research and development organizations in a worldwide setting: A review of structure, governance, and measures of performance of organizations outside the United States",
    "product_year": " 2007",
    "abstract": "Located in 23 countries, 40 forest-products research and development organizations outside the United States were reviewed in 2004 and 2005. The intent was to obtain a better understanding of how such  organizations are structured and administered and their performance judged. Investing over $600 million annually, the 40 organizations employed 7,000 to 7,500 scientists and supporting staff. Especially noteworthy about the organizations are the many ways in which they identify themselves (such as institutes, laboratories, centers); their long history of sustained involvement in forest products research; and their movement from public to private ownership (whole or in part). The distinction between public and private sector responsibility for research is blurry with these organizations, as often they have public sponsorship, yet private operation and management. They offer a wide range of services to clients yet have complex ownership and partnering arrangements. Their organizational structures are seemingly scrambled with forest product research subunits located within larger parent organizations (with broad multisector research responsibilities) and specialized services to a single major group of clients. These organizations have an intense desire to meet the needs of clients, and feature the following: synthesis of existing information as an important service; fees charged for services provided; strategic interest in clients located throughout the world; educational and degree-granting activities; multiple sources of income and revenue; diverse  tandards for measuring performance; adept response to broad economic-social changes; multiple location of physical facilities; and differing degrees of publicly available information describing mission and operation of organizations.",
    "citation": "Ellefson, Paul V.; Kilgore, Michael A.; Skog, Kenneth E.; Risbrudt, Christopher D. 2007. Forest products research and development organizations in a worldwide setting: A review of structure, governance, and measures of performance of organizations outside the United States.  General Technical Report FPL-GTR-172. Madison, WI: U.S. Department of Agriculture, Forest Service, Forest Products Laboratory. 106 pages.",
    "keywords": "forest products research, research organizations, organization structure, conduct and performance, research institutes, management",
    "doi": "10.2737/FPL-GTR-172",
    "url_binary_file": "https://www.fpl.fs.fed.us/documnts/fplgtr/fpl_gtr172.pdf",
    "binary_filesize": "2.3 MB",
    "url_landing_page": "https://www.fs.usda.gov/treesearch/pubs/29843",
    "treesearch_pub_id": "29843",
    "pub_parent_id": null,
    "pub_child_number": null,
    "pub_parent_ind": "0",
    "pub_publication": "General Technical Report FPL-GTR-172. Madison, WI: U.S. Department of Agriculture, Forest Service, Forest Products Laboratory. 106 pages.",
    "proceedings_ind": "0",
    "pub_volume": "172",
    "pub_issue": null,
    "pub_page": null,
    "pub_page_start": null,
    "pub_page_end": null,
    "pub_source": "T",
    "geographic_terms": null,
    "issn_id": null,
    "is_early_release": "0",
    "created_on": "25-APR-2008 15:57:31",
    "modified_on": "25-APR-2008 16:36:22",
    "send_to_reviewer_ind": "A",
    "publish_to_web_ind": "Y",
    "send_to_reviewer": null,
    "child_publications": "",
    "national_research_taxonomy_elements": "",
    "pub_authors": [
        {
            "name": "Ellefson, Paul V.",
            "station_id": "",
            "unit_id": "",
            "team_id": "",
            "alias": "",
            "user_id": "",
            "is_employee_active": "0",
            "is_researcher": "0",
            "author_order": "1"
        },
        {
            "name": "Kilgore, Michael A.",
            "station_id": "",
            "unit_id": "",
            "team_id": "",
            "alias": "",
            "user_id": "",
            "is_employee_active": "0",
            "is_researcher": "0",
            "author_order": "2"
        },
        {
            "name": "Skog, Kenneth E.",
            "station_id": "FPL",
            "unit_id": "4851",
            "team_id": "",
            "alias": "kskog",
            "user_id": "33",
            "is_employee_active": "0",
            "is_researcher": "1",
            "author_order": "3"
        },
        {
            "name": "Risbrudt, Christopher D.",
            "station_id": "",
            "unit_id": "",
            "team_id": "",
            "alias": "",
            "user_id": "",
            "is_employee_active": "0",
            "is_researcher": "0",
            "author_order": "4"
        }
    ],
    "current_organizational_memberships": [
        {
            "name": "Ellefson, Paul V.",
            "station_id": "",
            "unit_id": "",
            "team_id": "",
            "alias": "",
            "user_id": "",
            "is_employee_active": "0",
            "is_researcher": "0",
            "author_order": "1"
        },
        {
            "name": "Kilgore, Michael A.",
            "station_id": "",
            "unit_id": "",
            "team_id": "",
            "alias": "",
            "user_id": "",
            "is_employee_active": "0",
            "is_researcher": "0",
            "author_order": "2"
        },
        {
            "name": "Skog, Kenneth E.",
            "station_id": "FPL",
            "unit_id": "4851",
            "team_id": "",
            "alias": "kskog",
            "user_id": "33",
            "is_employee_active": "0",
            "is_researcher": "1",
            "author_order": "3"
        },
        {
            "name": "Risbrudt, Christopher D.",
            "station_id": "",
            "unit_id": "",
            "team_id": "",
            "alias": "",
            "user_id": "",
            "is_employee_active": "0",
            "is_researcher": "0",
            "author_order": "4"
        }
    ],
    "strategic_program_areas": "",
    "cris_projects": "",
    "experimental_forests": "",
    "eco_regions": "",
    "latlongs": "",
    "usnatforests": "",
    "countystates": ""
}