
{
    "product_id": "2859",
    "ac22_approved_for_public": "1",
    "primary_station": "FPL",
    "historical_station": "OTHER",
    "entrystatus": "Published to Web",
    "product_type_id": "1",
    "product_type_desc": "Publication",
    "product_subtype_id": null,
    "product_subtype_desc": null,
    "referee_status_id": "2",
    "status_name": "Informally Refereed (Peer-Reviewed)",
    "pub_type_id": "53",
    "pub_type_desc": "Miscellaneous Publication",
    "title": "Soda-amine pulping : reaction of amines with free phenolic [beta]-[omicron]-4 ethers",
    "product_year": " 1981",
    "abstract": "The quinone methide from guaiacylglycol-ß-guaiacyl ether underwent nucleophilic addition to the a-carbon with primary and secondary amines at 40°C. At pulping temperature, 170°C, only the primary amine adduct was detected. The quinone methide from guaiacylglycerol-ß-guaiacyl ether gave analogous adducts at 40°C, but no quinone methide-amine adducts were detected at 170°C. Instead, the major products were the vinyl ether and a substituted vinyl ether which resulted from a Mannich reaction of the vinylether, amine, and liberated formaldehyde.",
    "citation": "Obst, John R. 1981. Soda-amine pulping : reaction of amines with free phenolic [beta]-[omicron]-4 ethers.  Tappi. Vol. 64, no. 10 (Oct. 1981): pages 99-102.",
    "keywords": "Amines, pulping, alkaline pulping, quinones, formaldehyde, delignification, condensation, ethers, lignin, Lignin model compounds, Mannich reaction",
    "doi": null,
    "url_binary_file": "https://www.fpl.fs.fed.us/documnts/pdf1981/obst81a.pdf",
    "binary_filesize": "89 KB",
    "url_landing_page": "https://www.fs.usda.gov/treesearch/pubs/30534",
    "treesearch_pub_id": "30534",
    "pub_parent_id": null,
    "pub_child_number": null,
    "pub_parent_ind": "0",
    "pub_publication": "Tappi. Vol. 64, no. 10 (Oct. 1981): pages 99-102.",
    "proceedings_ind": "0",
    "pub_volume": null,
    "pub_issue": null,
    "pub_page": null,
    "pub_page_start": null,
    "pub_page_end": null,
    "pub_source": "T",
    "geographic_terms": null,
    "issn_id": null,
    "is_early_release": "0",
    "created_on": "17-JUL-2008 11:17:14",
    "modified_on": "17-JUL-2008 11:32:09",
    "send_to_reviewer_ind": "A",
    "publish_to_web_ind": "Y",
    "send_to_reviewer": null,
    "child_publications": "",
    "national_research_taxonomy_elements": "",
    "pub_authors": [
        {
            "name": "Obst, John R.",
            "station_id": "",
            "unit_id": "",
            "team_id": "",
            "alias": "",
            "user_id": "",
            "is_employee_active": "0",
            "is_researcher": "0",
            "author_order": "1"
        }
    ],
    "current_organizational_memberships": [
        {
            "name": "Obst, John R.",
            "station_id": "",
            "unit_id": "",
            "team_id": "",
            "alias": "",
            "user_id": "",
            "is_employee_active": "0",
            "is_researcher": "0",
            "author_order": "1"
        }
    ],
    "strategic_program_areas": "",
    "cris_projects": "",
    "experimental_forests": "",
    "eco_regions": "",
    "latlongs": "",
    "usnatforests": "",
    "countystates": ""
}