<?xml version="1.0" encoding="UTF-8"?>
<mods xmlns:mods="http://www.loc.gov/mods/v3"
      xmlns:xlink="http://www.w3.org/1999/xlink"
      xmlns:xsi="http://www.w3.org/2001/XMLSchema-instance"
      xmlns="http://www.loc.gov/mods/v3"
      version="3.7"
      xsi:schemaLocation="http://www.loc.gov/mods/v3 http://www.loc.gov/standards/mods/v3/mods-3-7.xsd">
   <titleInfo>
      <title>Prehydrolysis of aspen wood with water and with dilute aqueous sulfuric acid</title>
   </titleInfo>
   <name type="personal" usage="primary">
      <namePart type="given">Edward L.</namePart>
      <namePart type="family">Springer</namePart>
      <displayForm>Springer, Edward L.</displayForm>
      <role>
         <roleTerm type="text">author</roleTerm>
      </role>
   </name>
   <name type="personal">
      <namePart type="given">John F.</namePart>
      <namePart type="family">Harris</namePart>
      <displayForm>Harris, John F.</displayForm>
      <role>
         <roleTerm type="text">author</roleTerm>
      </role>
   </name>
   <typeOfResource>text</typeOfResource>
   <genre>article</genre>
   <originInfo>
      <dateIssued encoding="w3cdtf" keyDate="yes">2008-07-18</dateIssued>
   </originInfo>
   <note type="treesearch-status">Informally Refereed (Peer-Reviewed)</note>
   <language>
      <languageTerm type="code" authority="iso639-2b">eng</languageTerm>
      <languageTerm type="text">English</languageTerm>
   </language>
   <abstract>Water prehydrolysis of aspen wood was compared with 0.40% sulfuric acid prehydrolysis at a reaction temperature of 170°C. Acid prehydrolysis gave much higher yields of total anhydroxylose units in the prehydrolyzate and removed significantly less anhydroglucose from the wood than did the water treatment. At maximum yields of total anhydroxylose units in the prehydrolyzates, much more monomeric xylose was present in the acid prehydrolyzate than in the water prehydrolyzate.</abstract>
   <subject>
      <topic>Populus tremuloides</topic>
   </subject>
   <subject>
      <topic>sulfuric acid</topic>
   </subject>
   <subject>
      <topic>xylan</topic>
   </subject>
   <subject>
      <topic>xylose</topic>
   </subject>
   <subject>
      <topic>glucans</topic>
   </subject>
   <subject>
      <topic>lignin</topic>
   </subject>
   <subject>
      <topic>water</topic>
   </subject>
   <subject>
      <topic>kraft pulping</topic>
   </subject>
   <subject>
      <topic>anhydroxylose,</topic>
   </subject>
   <relatedItem type="host">
      <titleInfo>
         <title>Svensk papperstidning
<!--test 1: pub_publication substring_before period--></title>
      </titleInfo>
      <part>
         <text type="year">2008</text>
         <text type="month">07</text>
         <text type="day">18</text>
         <extent unit="pages">
            <start>R152</start>
            <end>R154</end>
            <total>3</total>
         </extent>
      </part>
   </relatedItem>
   <identifier type="treesearch">1351</identifier>
   <identifier type="treesearch-pub">30546</identifier>
   <location>
      <url displayLabel="Direct access to publisher’s site">https://www.fs.usda.gov/treesearch/pubs/30546</url>
   </location>
   <location>
      <url displayLabel="Full Text in PDF">https://www.fpl.fs.fed.us/documnts/pdf1982/sprin82a.pdf</url>
   </location>
   <accessCondition type="use and reproduction" displayLabel="Resource is Open Access">
      <program xmlns="https://data.crossref.org/schemas/AccessIndicators.xsd">
         <license_ref>http://purl.org/eprint/accessRights/OpenAccess</license_ref>
      </program>
   </accessCondition>
   <extension>
      <vendorName>United States. Forest service</vendorName>
      <archiveFile>A-30546.json</archiveFile>
      <originalFile>file:/C:/Users/Carlos.Martinez/OneDrive%20-%20USDA/Desktop/json-to-mods-xslt/workingDir/.json/A-30546.json</originalFile>
      <workingDirectory>file:/C:/Users/Carlos.Martinez/OneDrive%20-%20USDA/Desktop/json-to-mods-xslt/workingDir/</workingDirectory>
   </extension>
</mods>
