<?xml version="1.0" encoding="UTF-8"?>
<mods xmlns:mods="http://www.loc.gov/mods/v3"
      xmlns:xlink="http://www.w3.org/1999/xlink"
      xmlns:xsi="http://www.w3.org/2001/XMLSchema-instance"
      xmlns="http://www.loc.gov/mods/v3"
      version="3.7"
      xsi:schemaLocation="http://www.loc.gov/mods/v3 http://www.loc.gov/standards/mods/v3/mods-3-7.xsd">
   <titleInfo>
      <title>Structural lumber from suppressed-growth ponderosa pine from northern Arizona</title>
   </titleInfo>
   <name type="personal" usage="primary">
      <namePart type="given">Thomas M.</namePart>
      <namePart type="family">Gorman</namePart>
      <displayForm>Gorman, Thomas M.</displayForm>
      <role>
         <roleTerm type="text">author</roleTerm>
      </role>
   </name>
   <name type="personal">
      <namePart type="given">David W.</namePart>
      <namePart type="family">Green</namePart>
      <displayForm>Green, David W.</displayForm>
      <role>
         <roleTerm type="text">author</roleTerm>
      </role>
   </name>
   <name type="personal">
      <namePart type="given">Aldo G.</namePart>
      <namePart type="family">Cisternas</namePart>
      <displayForm>Cisternas, Aldo G.</displayForm>
      <role>
         <roleTerm type="text">author</roleTerm>
      </role>
   </name>
   <name type="personal">
      <namePart type="given">Roland</namePart>
      <namePart type="family">Hernandez</namePart>
      <displayForm>Hernandez, Roland</displayForm>
      <role>
         <roleTerm type="text">author</roleTerm>
      </role>
   </name>
   <name type="personal">
      <namePart type="given">Eini C.</namePart>
      <namePart type="family">Lowell</namePart>
      <displayForm>Lowell, Eini C.</displayForm>
      <affiliation>United States Department of Agriculture, Forest Service, Pacific Northwest Research Station, Communities &amp; Forest Management Team, Portland Forestry Sciences Laboratory, 620 SW Main Street, Ste 400, Portland, OR 97205</affiliation>
      <role>
         <roleTerm type="text">author</roleTerm>
      </role>
   </name>
   <typeOfResource>text</typeOfResource>
   <genre>article</genre>
   <originInfo>
      <dateIssued encoding="w3cdtf" keyDate="yes">2008-11-18</dateIssued>
   </originInfo>
   <note type="treesearch-status">Informally Refereed (Peer-Reviewed)</note>
   <language>
      <languageTerm type="code" authority="iso639-2b">eng</languageTerm>
      <languageTerm type="text">English</languageTerm>
   </language>
   <relatedItem type="host">
      <titleInfo>
         <title><!--test 5: substring-after-last-match, citation, two white spaces-->
Forest Products Journal 57(12): 42-47.</title>
      </titleInfo>
      <part>
         <text type="year">2008</text>
         <text type="month">11</text>
         <text type="day">18</text>
         <extent unit="pages">
            <start>42</start>
            <end>47</end>
            <total>6</total>
         </extent>
      </part>
   </relatedItem>
   <identifier type="treesearch">1507</identifier>
   <identifier type="treesearch-pub">29764</identifier>
   <location>
      <url displayLabel="Direct access to publisher’s site">https://www.fs.usda.gov/treesearch/pubs/29764</url>
   </location>
   <location>
      <url displayLabel="Full Text in PDF">https://www.fpl.fs.fed.us/documnts/pdf2007/fpl_2007_gorman001.pdf</url>
   </location>
   <accessCondition type="use and reproduction" displayLabel="Resource is Open Access">
      <program xmlns="https://data.crossref.org/schemas/AccessIndicators.xsd">
         <license_ref>http://purl.org/eprint/accessRights/OpenAccess</license_ref>
      </program>
   </accessCondition>
   <extension>
      <vendorName>United States. Forest service</vendorName>
      <archiveFile>A-29764.json</archiveFile>
      <originalFile>file:/C:/Users/Carlos.Martinez/OneDrive%20-%20USDA/Desktop/json-to-mods-xslt/workingDir/.json/A-29764.json</originalFile>
      <workingDirectory>file:/C:/Users/Carlos.Martinez/OneDrive%20-%20USDA/Desktop/json-to-mods-xslt/workingDir/</workingDirectory>
   </extension>
</mods>
