<?xml version="1.0" encoding="UTF-8"?>
<mods xmlns:mods="http://www.loc.gov/mods/v3"
      xmlns:xlink="http://www.w3.org/1999/xlink"
      xmlns:xsi="http://www.w3.org/2001/XMLSchema-instance"
      xmlns="http://www.loc.gov/mods/v3"
      version="3.7"
      xsi:schemaLocation="http://www.loc.gov/mods/v3 http://www.loc.gov/standards/mods/v3/mods-3-7.xsd">
   <titleInfo>
      <title>Analysts guide to FEEMA for financial analysis of ecosystem management activities.</title>
   </titleInfo>
   <name type="personal" usage="primary">
      <namePart type="given">Roger D.</namePart>
      <namePart type="family">Fight</namePart>
      <displayForm>Fight, Roger D.</displayForm>
      <role>
         <roleTerm type="text">author</roleTerm>
      </role>
   </name>
   <name type="personal">
      <namePart type="given">John T.</namePart>
      <namePart type="family">Chmelik</namePart>
      <displayForm>Chmelik, John T.</displayForm>
      <role>
         <roleTerm type="text">author</roleTerm>
      </role>
   </name>
   <typeOfResource>text</typeOfResource>
   <genre>article</genre>
   <originInfo>
      <dateIssued encoding="w3cdtf" keyDate="yes">2008-04-17</dateIssued>
   </originInfo>
   <note type="treesearch-status">Informally Refereed (Peer-Reviewed)</note>
   <language>
      <languageTerm type="code" authority="iso639-2b">eng</languageTerm>
      <languageTerm type="text">English</languageTerm>
   </language>
   <abstract>This report describes strategies for using the Financial Evaluation of Ecosystem Management Activities (FEEMA) software.  This program was developed as a tool for assessing the financial viability of management activities for removing small trees for manufacture into wood products.  Combinations of tree stands, management activities, and contractual requirements can be ranked along a continuum from actions that are unlikely to pay for themselves under any economic conditions to those that are likely to cover their implementation costs.  The program can be used early in the planning process to obtain information on the potential net value of alternative strategies or later to assess the financial feasibility of a tentative plan.  This report includes information on data input files, validation and interpretation of analysis results, and flexibility of the program.</abstract>
   <subject>
      <topic>economic analysis</topic>
   </subject>
   <subject>
      <topic>resource management</topic>
   </subject>
   <subject>
      <topic>forest management</topic>
   </subject>
   <subject>
      <topic>financial evaluation of ecosystem management activities</topic>
   </subject>
   <relatedItem type="series">
      <titleInfo type="abbreviated">
         <title>Gen. Tech. Rep.</title>
      </titleInfo>
      <titleInfo>
         <title>General Technical Report (GTR)</title>
      </titleInfo>
      <part>
         <detail type="volume">
            <number>111</number>
            <caption>v.</caption>
         </detail>
         <text type="year">2008</text>
         <text type="month">04</text>
         <text type="day">17</text>
         <extent unit="pages">
            <total>5</total>
         </extent>
      </part>
   </relatedItem>
   <identifier type="doi">10.2737/FPL-GTR-111</identifier>
   <location>
      <url displayLabel="Direct access to publisher’s site">https://dx.doi.org/10.2737/FPL-GTR-111</url>
   </location>
   <identifier type="treesearch">2066</identifier>
   <identifier type="treesearch-pub">5729</identifier>
   <location>
      <url displayLabel="Direct access to publisher’s site">https://www.fs.usda.gov/treesearch/pubs/5729</url>
   </location>
   <location>
      <url displayLabel="Full Text in PDF">https://www.fpl.fs.fed.us/documnts/fplgtr/fplgtr111.pdf</url>
   </location>
   <accessCondition type="use and reproduction" displayLabel="Resource is Open Access">
      <program xmlns="https://data.crossref.org/schemas/AccessIndicators.xsd">
         <license_ref>http://purl.org/eprint/accessRights/OpenAccess</license_ref>
      </program>
   </accessCondition>
   <extension>
      <vendorName>United States. Forest service</vendorName>
      <archiveFile>A-5729.json</archiveFile>
      <originalFile>file:/C:/Users/Carlos.Martinez/OneDrive%20-%20USDA/Desktop/json-to-mods-xslt/workingDir/.json/A-5729.json</originalFile>
      <workingDirectory>file:/C:/Users/Carlos.Martinez/OneDrive%20-%20USDA/Desktop/json-to-mods-xslt/workingDir/</workingDirectory>
   </extension>
</mods>
