<?xml version="1.0" encoding="UTF-8"?>
<mods xmlns:mods="http://www.loc.gov/mods/v3"
      xmlns:xlink="http://www.w3.org/1999/xlink"
      xmlns:xsi="http://www.w3.org/2001/XMLSchema-instance"
      xmlns="http://www.loc.gov/mods/v3"
      version="3.7"
      xsi:schemaLocation="http://www.loc.gov/mods/v3 http://www.loc.gov/standards/mods/v3/mods-3-7.xsd">
   <titleInfo>
      <title>Domestic market activity in solid wood products in the United States, 1950-1998.</title>
   </titleInfo>
   <name type="personal" usage="primary">
      <namePart type="given">David B.</namePart>
      <namePart type="family">McKeever</namePart>
      <displayForm>McKeever, David B.</displayForm>
      <affiliation>United States Department of Agriculture, Forest Service, Forest Products Laboratory, Economics, Statistics and Life Cycle Analysis Research, One Gifford Pinchot Drive, Madison, WI 53726</affiliation>
      <role>
         <roleTerm type="text">author</roleTerm>
      </role>
   </name>
   <typeOfResource>text</typeOfResource>
   <genre>article</genre>
   <originInfo>
      <dateIssued encoding="w3cdtf" keyDate="yes">2008-04-23</dateIssued>
   </originInfo>
   <note type="treesearch-status">Informally Refereed (Peer-Reviewed)</note>
   <language>
      <languageTerm type="code" authority="iso639-2b">eng</languageTerm>
      <languageTerm type="text">English</languageTerm>
   </language>
   <abstract>Solid wood is important to the construction, manufacturing, and shipping segments of the U.S. economy. Nearly all new houses are built with wood, and wood building products are used in the construction of nonresidential buildings, and in the upkeep and improvement of existing structures. Solid wood is used extensively to produce and transport manufactured products. It also provides a renewable energy source for industrial, commercial, and residential applications. In 1998, 19.6 billion cubic feet, roundwood equivalent, of all timber products were consumed in the United States, down slightly from 1996, but considerably greater than in 1962. About 87 percent of this was for industrial products, and 13 percent for fuelwood. Excluding fuelwood, solid wood timber products accounted for about 67 percent of the industrial roundwood consumed, and pulpwood products about 33 percent. Large amounts of residues are generated in the production of solid wood products, about 10 to 15 percent of total industrial roundwood consumption. Thus, solid wood products and pulpwood products each account for about half of the industrial roundwood consumed. This report examines solid wood timber products consumption in the United States over the past 40 to 45 years, relates changes in consumption to economic, social, and institutional factors during the period, and presents estimates of consumption in major end-use markets. Trends in timber products production, foreign trade, and domestic consumption over the past half century also are examined.</abstract>
   <subject>
      <topic>Timber</topic>
   </subject>
   <relatedItem type="series">
      <titleInfo type="abbreviated">
         <title>Gen. Tech. Rep.</title>
      </titleInfo>
      <titleInfo>
         <title>General Technical Report (GTR)</title>
      </titleInfo>
      <part>
         <detail type="volume">
            <number>524</number>
            <caption>v.</caption>
         </detail>
         <text type="year">2008</text>
         <text type="month">04</text>
         <text type="day">23</text>
         <extent unit="pages">
            <total>76</total>
         </extent>
      </part>
   </relatedItem>
   <identifier type="doi">10.2737/PNW-GTR-524</identifier>
   <location>
      <url displayLabel="Direct access to publisher’s site">https://dx.doi.org/10.2737/PNW-GTR-524</url>
   </location>
   <identifier type="treesearch">2139</identifier>
   <identifier type="treesearch-pub">4470</identifier>
   <location>
      <url displayLabel="Direct access to publisher’s site">https://www.fs.usda.gov/treesearch/pubs/4470</url>
   </location>
   <location>
      <url displayLabel="Full Text in PDF">https://www.fs.fed.us/pnw/pubs/pnw_gtr524.pdf</url>
   </location>
   <accessCondition type="use and reproduction" displayLabel="Resource is Open Access">
      <program xmlns="https://data.crossref.org/schemas/AccessIndicators.xsd">
         <license_ref>http://purl.org/eprint/accessRights/OpenAccess</license_ref>
      </program>
   </accessCondition>
   <extension>
      <vendorName>United States. Forest service</vendorName>
      <archiveFile>A-4470.json</archiveFile>
      <originalFile>file:/C:/Users/Carlos.Martinez/OneDrive%20-%20USDA/Desktop/json-to-mods-xslt/workingDir/A-4470.json</originalFile>
      <workingDirectory>file:/C:/Users/Carlos.Martinez/OneDrive%20-%20USDA/Desktop/json-to-mods-xslt/workingDir/</workingDirectory>
   </extension>
</mods>
