<?xml version="1.0" encoding="UTF-8"?>
<mods xmlns:mods="http://www.loc.gov/mods/v3"
      xmlns:xlink="http://www.w3.org/1999/xlink"
      xmlns:xsi="http://www.w3.org/2001/XMLSchema-instance"
      xmlns="http://www.loc.gov/mods/v3"
      version="3.7"
      xsi:schemaLocation="http://www.loc.gov/mods/v3 http://www.loc.gov/standards/mods/v3/mods-3-7.xsd">
   <titleInfo>
      <title>Influence of a mineral insecticide particle size on bait efficacy against &lt;i&gt;Reticulitermes flavipes&lt;/i&gt; (Isoptera: Rhinotermitidae)</title>
   </titleInfo>
   <name type="personal" usage="primary">
      <namePart type="given">Thomas g.</namePart>
      <namePart type="family">Shelton</namePart>
      <displayForm>Shelton, Thomas g.</displayForm>
      <affiliation>United States Department of Agriculture, Forest Service, Southern Research Station, Insects, Diseases and Invasive Plants of Southern Forests , 200 W.T. Weaver Blvd. Asheville, NC 28804-3454</affiliation>
      <role>
         <roleTerm type="text">author</roleTerm>
      </role>
   </name>
   <name type="personal">
      <namePart type="given">Laurent</namePart>
      <namePart type="family">Cartier</namePart>
      <displayForm>Cartier, Laurent</displayForm>
      <role>
         <roleTerm type="text">author</roleTerm>
      </role>
   </name>
   <name type="personal">
      <namePart type="given">Terence L.</namePart>
      <namePart type="family">Wagner</namePart>
      <displayForm>Wagner, Terence L.</displayForm>
      <role>
         <roleTerm type="text">author</roleTerm>
      </role>
   </name>
   <name type="personal">
      <namePart type="given">Christian</namePart>
      <namePart type="family">Becker</namePart>
      <displayForm>Becker, Christian</displayForm>
      <role>
         <roleTerm type="text">author</roleTerm>
      </role>
   </name>
   <typeOfResource>text</typeOfResource>
   <genre>article</genre>
   <originInfo>
      <dateIssued encoding="w3cdtf" keyDate="yes">2008-04-17</dateIssued>
   </originInfo>
   <note type="treesearch-status">Informally Refereed (Peer-Reviewed)</note>
   <language>
      <languageTerm type="code" authority="iso639-2b">eng</languageTerm>
      <languageTerm type="text">English</languageTerm>
   </language>
   <abstract>We examined the efficacy of termiticidal baits comprised of powdered acellulose and a mineral insecticide, cryolite crystals, in laboratory bioassays against pseudergates of Eastern subterranean termites [&lt;i&gt;Reticulitermes flavipes&lt;/i&gt; (Kollar)]. The influence of cryolite crystal size [0 (control), 0.2, and 20 pm diameter particles] on the overall mortality of termites consuming the bait was determined in forced feeding bioassays. Only baits containing 20 pm diameter cryolite crystals increased termite mortality significantly above the control treatment. An additional study examining feeding on stained bait (control and 20 pm diameter cryolite crystals only) indicated that termites will consume the bait, and that termite mortality from feeding on the bait increases over time.</abstract>
   <subject>
      <topic>termite control</topic>
   </subject>
   <subject>
      <topic>baits</topic>
   </subject>
   <subject>
      <topic>inorganic pesticides</topic>
   </subject>
   <subject>
      <topic>Reticulitermes flavipeS</topic>
   </subject>
   <relatedItem type="host">
      <titleInfo>
         <title>Sociobiology, Vol    </title>
      </titleInfo>
      <part>
         <text type="year">2008</text>
         <text type="month">04</text>
         <text type="day">17</text>
         <extent unit="pages">
            <start>521</start>
            <end>533</end>
            <total>13</total>
         </extent>
      </part>
   </relatedItem>
   <identifier type="treesearch">1801</identifier>
   <identifier type="treesearch-pub">29805</identifier>
   <location>
      <url displayLabel="Direct access to publisher’s site">https://www.fs.usda.gov/treesearch/pubs/29805</url>
   </location>
   <location>
      <url displayLabel="Full Text in PDF">https://www.srs.fs.usda.gov/pubs/ja/ja_shelton021.pdf</url>
   </location>
   <accessCondition type="use and reproduction" displayLabel="Resource is Open Access">
      <program xmlns="https://data.crossref.org/schemas/AccessIndicators.xsd">
         <license_ref>http://purl.org/eprint/accessRights/OpenAccess</license_ref>
      </program>
   </accessCondition>
   <extension>
      <vendorName>United States. Forest service</vendorName>
      <archiveFile>A-29805.json</archiveFile>
      <originalFile>file:/C:/Users/Carlos.Martinez/OneDrive%20-%20USDA/Desktop/json-to-mods-xslt/workingDir/A-29805.json</originalFile>
      <workingDirectory>file:/C:/Users/Carlos.Martinez/OneDrive%20-%20USDA/Desktop/json-to-mods-xslt/workingDir/</workingDirectory>
   </extension>
</mods>
