<?xml version="1.0" encoding="UTF-8"?>
<mods xmlns:mods="http://www.loc.gov/mods/v3"
      xmlns:xlink="http://www.w3.org/1999/xlink"
      xmlns:xsi="http://www.w3.org/2001/XMLSchema-instance"
      xmlns="http://www.loc.gov/mods/v3"
      version="3.7"
      xsi:schemaLocation="http://www.loc.gov/mods/v3 http://www.loc.gov/standards/mods/v3/mods-3-7.xsd">
   <titleInfo>
      <title>Herbicide hardwood crop tree release in central West Virginia</title>
   </titleInfo>
   <name type="personal" usage="primary">
      <namePart type="given">Jeffrey D.</namePart>
      <namePart type="family">Kochenderfer</namePart>
      <displayForm>Kochenderfer, Jeffrey D.</displayForm>
      <role>
         <roleTerm type="text">author</roleTerm>
      </role>
   </name>
   <name type="personal">
      <namePart type="given">Shepard M.</namePart>
      <namePart type="family">Zedaker</namePart>
      <displayForm>Zedaker, Shepard M.</displayForm>
      <role>
         <roleTerm type="text">author</roleTerm>
      </role>
   </name>
   <name type="personal">
      <namePart type="given">James E.</namePart>
      <namePart type="family">Johnson</namePart>
      <displayForm>Johnson, James E.</displayForm>
      <role>
         <roleTerm type="text">author</roleTerm>
      </role>
   </name>
   <name type="personal">
      <namePart type="given">David W.</namePart>
      <namePart type="family">Smith</namePart>
      <displayForm>Smith, David W.</displayForm>
      <affiliation>United States Department of Agriculture, Forest Service, Forest Products Laboratory, National Forest Service Library, One Gifford Pinchot Drive, Madison, WI 53726</affiliation>
      <role>
         <roleTerm type="text">author</roleTerm>
      </role>
   </name>
   <name type="personal">
      <namePart type="given">Gary W.</namePart>
      <namePart type="family">Miller</namePart>
      <displayForm>Miller, Gary W.</displayForm>
      <affiliation>United States Department of Agriculture, Forest Service, Northern Research Station, Ecology and Management of Invasive Species and Forest Ecosystems, One Gifford Pinchot Drive, Madison, WI 53726</affiliation>
      <role>
         <roleTerm type="text">author</roleTerm>
      </role>
   </name>
   <typeOfResource>text</typeOfResource>
   <genre>article</genre>
   <originInfo>
      <dateIssued encoding="w3cdtf" keyDate="yes">2008-04-21</dateIssued>
   </originInfo>
   <note type="treesearch-status">Informally Refereed (Peer-Reviewed)</note>
   <language>
      <languageTerm type="code" authority="iso639-2b">eng</languageTerm>
      <languageTerm type="text">English</languageTerm>
   </language>
   <abstract>Chemical crop tree release treatments were applied to young hardwood stands at three sites in central West Virginia to evaluate the effectiveness of glyphosate as Accord (41.5% SL), imazapyr as Arsenal AC (53.1% SL) and Chopper (27.6% EC), and triclopyr as Garlon 3A (44.4% triethylamine salt SL), and Garlon 4 (61.6% butoxyethyl ester EC) using hack-and-squirt injection and low volume stem bark band application methods. American beech (&lt;i&gt;Fagus grandifolia&lt;/i&gt; Ehrh.) was a major competitor to black cherry (&lt;i&gt;Prunus serotina&lt;/i&gt; Ehrh.) crop trees at each site. The treatments were applied in June and evaluated 12 months after treatment. A numerical rating system ranging from 1 to 7 (0?100% crown affected), which utilized visual symptoms, was used to evaluate the efficacy of each treatment. Trees receiving a rating of 5 (75% crown control) or greater were considered controlled.</abstract>
   <subject>
      <topic>herbicides</topic>
   </subject>
   <subject>
      <topic>efficacy</topic>
   </subject>
   <subject>
      <topic>crop tree release</topic>
   </subject>
   <subject>
      <topic>hardwoods</topic>
   </subject>
   <subject>
      <topic>economic benefits</topic>
   </subject>
   <subject>
      <topic>silviculture</topic>
   </subject>
   <relatedItem type="host">
      <titleInfo>
         <title>Northern Journal of Applied Forestry    .</title>
      </titleInfo>
      <part>
         <detail type="volume">
            <number>18</number>
            <caption>v.</caption>
         </detail>
         <detail type="issue">
            <number>2</number>
            <caption>no.</caption>
         </detail>
         <text type="year">2008</text>
         <text type="month">04</text>
         <text type="day">21</text>
         <extent unit="pages">
            <start>45</start>
            <end>54</end>
            <total>10</total>
         </extent>
      </part>
   </relatedItem>
   <identifier type="treesearch">1405</identifier>
   <identifier type="treesearch-pub">14218</identifier>
   <location>
      <url displayLabel="Direct access to publisher’s site">https://www.fs.usda.gov/treesearch/pubs/14218</url>
   </location>
   <location>
      <url displayLabel="Full Text in PDF">https://www.nrs.fs.fed.us/pubs/jrnl/2001/ne_2001_kochenderfer_001.pdf</url>
   </location>
   <accessCondition type="use and reproduction" displayLabel="Resource is Open Access">
      <program xmlns="https://data.crossref.org/schemas/AccessIndicators.xsd">
         <license_ref>http://purl.org/eprint/accessRights/OpenAccess</license_ref>
      </program>
   </accessCondition>
   <extension>
      <vendorName>United States. Forest service</vendorName>
      <archiveFile>A-14218.json</archiveFile>
      <originalFile>file:/C:/Users/Carlos.Martinez/OneDrive%20-%20USDA/Desktop/json-to-mods-xslt/workingDir/A-14218.json</originalFile>
      <workingDirectory>file:/C:/Users/Carlos.Martinez/OneDrive%20-%20USDA/Desktop/json-to-mods-xslt/workingDir/</workingDirectory>
   </extension>
</mods>
