<?xml version="1.0" encoding="UTF-8"?>
<mods xmlns:mods="http://www.loc.gov/mods/v3"
      xmlns:xlink="http://www.w3.org/1999/xlink"
      xmlns:xsi="http://www.w3.org/2001/XMLSchema-instance"
      xmlns="http://www.loc.gov/mods/v3"
      version="3.7"
      xsi:schemaLocation="http://www.loc.gov/mods/v3 http://www.loc.gov/standards/mods/v3/mods-3-7.xsd">
   <titleInfo>
      <title>Hexeneuronic acid content of chemical pulp</title>
   </titleInfo>
   <name type="personal" usage="primary">
      <namePart type="given">Junyong</namePart>
      <namePart type="family">Zhu</namePart>
      <displayForm>Zhu, Junyong</displayForm>
      <affiliation>United States Department of Agriculture, Forest Service, Forest Products Laboratory, Engineered Composites Sciences, One Gifford Pinchot Drive, Madison, WI 53726</affiliation>
      <role>
         <roleTerm type="text">author</roleTerm>
      </role>
   </name>
   <name type="personal">
      <namePart type="given">X.S.</namePart>
      <namePart type="family">Chai</namePart>
      <displayForm>Chai, X.S.</displayForm>
      <role>
         <roleTerm type="text">author</roleTerm>
      </role>
   </name>
   <typeOfResource>text</typeOfResource>
   <genre>article</genre>
   <originInfo>
      <dateIssued encoding="w3cdtf" keyDate="yes">2008-04-14</dateIssued>
   </originInfo>
   <note type="treesearch-status">Informally Refereed (Peer-Reviewed)</note>
   <language>
      <languageTerm type="code" authority="iso639-2b">eng</languageTerm>
      <languageTerm type="text">English</languageTerm>
   </language>
   <abstract>This method describes a procedure to determine hexeneuronic acid groups (HexA) in chemical pulps. HexA affects the kappa number determination by reaction with permanganate, and can react with certain bleaching chemicals, e.g. chlorine dioxide and ozone, but not with some others such as oxygen and peroxide. The method is based on the highly selective hydrolysis of HexA from a pulp sample in a mercuric chloridesodium acetate solution. Complete hydrolysis of HexA from pulps is achieved within 30 minutes by choosing the appropriate hydrolysis conditions (the concentration of the hydrolysis agent and the composition of the hydrolysis solution) and temperature. The amount of HexA is directly determined by UV spectrophotometry from the resulting hydrolysis solution (1). A dual-wavelength spectroscopic technique (at 260 and 290 nm) is used to eliminate the spectral interference from the leached lignin in the resulting solution.</abstract>
   <subject>
      <topic>Permanganates</topic>
   </subject>
   <subject>
      <topic>peroxides</topic>
   </subject>
   <subject>
      <topic>oxygen</topic>
   </subject>
   <subject>
      <topic>ozone</topic>
   </subject>
   <subject>
      <topic>pulping</topic>
   </subject>
   <subject>
      <topic>chemical reactions</topic>
   </subject>
   <subject>
      <topic>wood-pulp</topic>
   </subject>
   <subject>
      <topic>bleaching</topic>
   </subject>
   <subject>
      <topic>hydrolysis</topic>
   </subject>
   <subject>
      <topic>chlorine dioxide</topic>
   </subject>
   <subject>
      <topic>mercuric chloride</topic>
   </subject>
   <subject>
      <topic>sodium acetate</topic>
   </subject>
   <subject>
      <topic>chemical pulping</topic>
   </subject>
   <subject>
      <topic>alkaline pulping</topic>
   </subject>
   <subject>
      <topic>hexeneuronic acid</topic>
   </subject>
   <relatedItem type="host">
      <titleInfo>
         <title>TAPPI test method ; no. T282pm .  Atlanta, GA : TAPPI, c2007  pages</title>
      </titleInfo>
      <part>
         <text type="year">2008</text>
         <text type="month">04</text>
         <text type="day">14</text>
         <extent unit="pages">
            <total>4</total>
         </extent>
      </part>
   </relatedItem>
   <identifier type="treesearch">1622</identifier>
   <identifier type="treesearch-pub">29776</identifier>
   <location>
      <url displayLabel="Direct access to publisher’s site">https://www.fs.usda.gov/treesearch/pubs/29776</url>
   </location>
   <location>
      <url displayLabel="Full Text in PDF">https://www.fpl.fs.fed.us/documnts/pdf2007/fpl_2007_zhu005.pdf</url>
   </location>
   <accessCondition type="use and reproduction" displayLabel="Resource is Open Access">
      <program xmlns="https://data.crossref.org/schemas/AccessIndicators.xsd">
         <license_ref>http://purl.org/eprint/accessRights/OpenAccess</license_ref>
      </program>
   </accessCondition>
   <extension>
      <vendorName>United States. Forest service</vendorName>
      <archiveFile>A-29776.json</archiveFile>
      <originalFile>file:/C:/Users/Carlos.Martinez/OneDrive%20-%20USDA/Desktop/json-to-mods-xslt/workingDir/A-29776.json</originalFile>
      <workingDirectory>file:/C:/Users/Carlos.Martinez/OneDrive%20-%20USDA/Desktop/json-to-mods-xslt/workingDir/</workingDirectory>
   </extension>
</mods>
