<?xml version="1.0" encoding="UTF-8"?>
<mods xmlns:mods="http://www.loc.gov/mods/v3"
      xmlns:xlink="http://www.w3.org/1999/xlink"
      xmlns:xsi="http://www.w3.org/2001/XMLSchema-instance"
      xmlns="http://www.loc.gov/mods/v3"
      version="3.7"
      xsi:schemaLocation="http://www.loc.gov/mods/v3 http://www.loc.gov/standards/mods/v3/mods-3-7.xsd">
   <titleInfo>
      <title>Chemical changes with maturation of the bamboo species phyllostachys pubescens</title>
   </titleInfo>
   <name type="personal" usage="primary">
      <namePart type="given">X.B.</namePart>
      <namePart type="family">Li</namePart>
      <displayForm>Li, X.B.</displayForm>
      <role>
         <roleTerm type="text">author</roleTerm>
      </role>
   </name>
   <name type="personal">
      <namePart type="given">T.F.</namePart>
      <namePart type="family">Shupe</namePart>
      <displayForm>Shupe, T.F.</displayForm>
      <role>
         <roleTerm type="text">author</roleTerm>
      </role>
   </name>
   <name type="personal">
      <namePart type="given">G.F.</namePart>
      <namePart type="family">Peter</namePart>
      <displayForm>Peter, G.F.</displayForm>
      <role>
         <roleTerm type="text">author</roleTerm>
      </role>
   </name>
   <name type="personal">
      <namePart type="given">C.Y.</namePart>
      <namePart type="family">Hse</namePart>
      <displayForm>Hse, C.Y.</displayForm>
      <role>
         <roleTerm type="text">author</roleTerm>
      </role>
   </name>
   <name type="personal">
      <namePart type="given">T.L.</namePart>
      <namePart type="family">Eberhardt</namePart>
      <displayForm>Eberhardt, T.L.</displayForm>
      <affiliation>United States Department of Agriculture, Forest Service, Southern Research Station, Utilization of Southern Forest Resources , 200 W.T. Weaver Blvd. Asheville, NC 28804-3454</affiliation>
      <role>
         <roleTerm type="text">author</roleTerm>
      </role>
   </name>
   <typeOfResource>text</typeOfResource>
   <genre>article</genre>
   <originInfo>
      <dateIssued encoding="w3cdtf" keyDate="yes">2016-10-07</dateIssued>
   </originInfo>
   <note type="treesearch-status">Informally Refereed (Peer-Reviewed)</note>
   <language>
      <languageTerm type="code" authority="iso639-2b">eng</languageTerm>
      <languageTerm type="text">English</languageTerm>
   </language>
   <abstract>Chemical changes with maturation of the bamboo species &lt;i&gt;Phyllostachys pubescens&lt;/i&gt;. Bamboo chemical properties were measured at three different heights from one-, three- and five-year-old plants and at three different radial positions from the thre-year-old culms of &lt;i&gt;Phyllostachys pubescens&lt;/i&gt;south-eastern USA. Small but significant increases in holocellulose and a-cellulose contents were detected from the base to the top of the culm at all three ages. In contrast, no significant differences in Klason lignin and ash were detected. The increases in carbohydrate content with age correlated with increases in specific gravity. Alcohol-toluene extractive content increased from the base to the top of the stem in the three-year-old and five-year-old bamboo and showed a continuous increase with age. The epidermis had the highest extractive and ash contents and the lowest holocellulose and a-cellulose contents. The outer layer of the stem had the highest holocellulose, a-cellulose and Klason lignin contents and the lowest extractive and ash contents. The chemical content and specific gravity of bamboo stabilizes at about three years of age, which is an appropriate time for harvesting.</abstract>
   <subject>
      <topic>anatomy</topic>
   </subject>
   <subject>
      <topic>ash</topic>
   </subject>
   <subject>
      <topic>cellulose</topic>
   </subject>
   <subject>
      <topic>chemical analysis</topic>
   </subject>
   <subject>
      <topic>extractives</topic>
   </subject>
   <subject>
      <topic>lignin</topic>
   </subject>
   <relatedItem type="host">
      <titleInfo>
         <title>Journal of Tropical Forest Science, Vol    </title>
      </titleInfo>
      <part>
         <detail type="volume">
            <number>19</number>
            <caption>v.</caption>
         </detail>
         <detail type="issue">
            <number>1</number>
            <caption>no.</caption>
         </detail>
         <text type="year">2016</text>
         <text type="month">10</text>
         <text type="day">07</text>
         <extent unit="pages">
            <start>6</start>
            <end>12</end>
            <total>7</total>
         </extent>
      </part>
   </relatedItem>
   <identifier type="treesearch">645</identifier>
   <identifier type="treesearch-pub">29071</identifier>
   <location>
      <url displayLabel="Direct access to publisher’s site">https://www.fs.usda.gov/treesearch/pubs/29071</url>
   </location>
   <location>
      <url displayLabel="Full Text in PDF">https://www.srs.fs.usda.gov/pubs/ja/ja_li014.pdf</url>
   </location>
   <accessCondition type="use and reproduction" displayLabel="Resource is Open Access">
      <program xmlns="https://data.crossref.org/schemas/AccessIndicators.xsd">
         <license_ref>http://purl.org/eprint/accessRights/OpenAccess</license_ref>
      </program>
   </accessCondition>
   <extension>
      <vendorName>United States. Forest service</vendorName>
      <archiveFile>A-29071.json</archiveFile>
      <originalFile>file:/C:/Users/Carlos.Martinez/OneDrive%20-%20USDA/Desktop/json-to-mods-xslt/workingDir/A-29071.json</originalFile>
      <workingDirectory>file:/C:/Users/Carlos.Martinez/OneDrive%20-%20USDA/Desktop/json-to-mods-xslt/workingDir/</workingDirectory>
   </extension>
</mods>
