<?xml version="1.0" encoding="UTF-8"?>
<mods xmlns:mods="http://www.loc.gov/mods/v3"
      xmlns:xlink="http://www.w3.org/1999/xlink"
      xmlns:xsi="http://www.w3.org/2001/XMLSchema-instance"
      xmlns="http://www.loc.gov/mods/v3"
      version="3.7"
      xsi:schemaLocation="http://www.loc.gov/mods/v3 http://www.loc.gov/standards/mods/v3/mods-3-7.xsd">
   <titleInfo>
      <title>Cone calorimeter tests of wood-based decking materials</title>
   </titleInfo>
   <name type="personal" usage="primary">
      <namePart type="given">Robert H.</namePart>
      <namePart type="family">White</namePart>
      <displayForm>White, Robert H.</displayForm>
      <affiliation>United States Department of Agriculture, Forest Service, Forest Products Laboratory, , One Gifford Pinchot Drive, Madison, WI 53726</affiliation>
      <role>
         <roleTerm type="text">author</roleTerm>
      </role>
   </name>
   <name type="personal">
      <namePart type="given">Mark A.</namePart>
      <namePart type="family">Dietenberger</namePart>
      <displayForm>Dietenberger, Mark A.</displayForm>
      <affiliation>United States Department of Agriculture, Forest Service, Forest Products Laboratory, Building and Fire Sciences, One Gifford Pinchot Drive, Madison, WI 53726</affiliation>
      <role>
         <roleTerm type="text">author</roleTerm>
      </role>
   </name>
   <name type="personal">
      <namePart type="given">Nicole M.</namePart>
      <namePart type="family">Stark</namePart>
      <displayForm>Stark, Nicole M.</displayForm>
      <affiliation>United States Department of Agriculture, Forest Service, Forest Products Laboratory, Engineered Composites Sciences, One Gifford Pinchot Drive, Madison, WI 53726</affiliation>
      <role>
         <roleTerm type="text">author</roleTerm>
      </role>
   </name>
   <typeOfResource>text</typeOfResource>
   <genre>article</genre>
   <originInfo>
      <dateIssued encoding="w3cdtf" keyDate="yes">2008-12-30</dateIssued>
   </originInfo>
   <note type="treesearch-status">Informally Refereed (Peer-Reviewed)</note>
   <language>
      <languageTerm type="code" authority="iso639-2b">eng</languageTerm>
      <languageTerm type="text">English</languageTerm>
   </language>
   <abstract>New technologies in building materials have resulted in the use of a wide variety of materials in decks. As part of our effort to address fire concerns in the wildland-urban interface, the Forest Products Laboratory has been examining the fire performance of decking products. In addition to preservative-treated wood, decking products include wood-plastic composites and imported wood species. Requirements for wood-plastic composites are often based on expectation for untreated wood. Claims for imported wood species have included Class A flame spread ratings. This paper discusses results of cone calorimeter tests conducted on a variety of wood-based decking materials.</abstract>
   <subject>
      <topic>Durability</topic>
   </subject>
   <subject>
      <topic>wood-plastic composites</topic>
   </subject>
   <subject>
      <topic>composite materials</topic>
   </subject>
   <subject>
      <topic>fire testing</topic>
   </subject>
   <subject>
      <topic>preservative treated wood</topic>
   </subject>
   <subject>
      <topic>decks</topic>
   </subject>
   <subject>
      <topic>calorimetry</topic>
   </subject>
   <subject>
      <topic>fire risk assessment</topic>
   </subject>
   <subject>
      <topic>wood</topic>
   </subject>
   <subject>
      <topic>review article</topic>
   </subject>
   <subject>
      <topic>wood-plastic composites</topic>
   </subject>
   <subject>
      <topic>treated wood</topic>
   </subject>
   <subject>
      <topic>fire resistance</topic>
   </subject>
   <subject>
      <topic>flammability</topic>
   </subject>
   <subject>
      <topic>cone calorimetry</topic>
   </subject>
   <subject>
      <topic>fire hazard</topic>
   </subject>
   <relatedItem type="host">
      <titleInfo>
         <title>Proceedings of the th annual conference on recent advances in flame retardancy of polymeric materials.  Norwalk, CT : BCC Research, c2007: ISBN  : Pages  .</title>
      </titleInfo>
      <part>
         <text type="year">2008</text>
         <text type="month">12</text>
         <text type="day">30</text>
         <extent unit="pages">
            <start>326</start>
            <end>337</end>
            <total>12</total>
         </extent>
      </part>
   </relatedItem>
   <identifier type="treesearch">1574</identifier>
   <identifier type="treesearch-pub">29770</identifier>
   <location>
      <url displayLabel="Direct access to publisher’s site">https://www.fs.usda.gov/treesearch/pubs/29770</url>
   </location>
   <location>
      <url displayLabel="Full Text in PDF">https://www.fpl.fs.fed.us/documnts/pdf2007/fpl_2007_white002.pdf</url>
   </location>
   <accessCondition type="use and reproduction" displayLabel="Resource is Open Access">
      <program xmlns="https://data.crossref.org/schemas/AccessIndicators.xsd">
         <license_ref>http://purl.org/eprint/accessRights/OpenAccess</license_ref>
      </program>
   </accessCondition>
   <extension>
      <vendorName>United States. Forest service</vendorName>
      <archiveFile>A-29770.json</archiveFile>
      <originalFile>file:/C:/Users/Carlos.Martinez/OneDrive%20-%20USDA/Desktop/json-to-mods-xslt/workingDir/A-29770.json</originalFile>
      <workingDirectory>file:/C:/Users/Carlos.Martinez/OneDrive%20-%20USDA/Desktop/json-to-mods-xslt/workingDir/</workingDirectory>
   </extension>
</mods>
