<?xml version="1.0" encoding="UTF-8"?>
<mods xmlns:mods="http://www.loc.gov/mods/v3"
      xmlns:xlink="http://www.w3.org/1999/xlink"
      xmlns:xsi="http://www.w3.org/2001/XMLSchema-instance"
      xmlns="http://www.loc.gov/mods/v3"
      version="3.7"
      xsi:schemaLocation="http://www.loc.gov/mods/v3 http://www.loc.gov/standards/mods/v3/mods-3-7.xsd">
   <titleInfo>
      <title>Dynamics of Connecticut hemlock stands</title>
   </titleInfo>
   <name type="personal" usage="primary">
      <namePart type="given">Jeffrey S.</namePart>
      <namePart type="family">Ward</namePart>
      <displayForm>Ward, Jeffrey S.</displayForm>
      <role>
         <roleTerm type="text">author</roleTerm>
      </role>
   </name>
   <name type="personal">
      <namePart type="given">David M.</namePart>
      <namePart type="family">Smith</namePart>
      <displayForm>Smith, David M.</displayForm>
      <affiliation>United States Department of Agriculture, Forest Service, Forest Products Laboratory, National Forest Service Library, One Gifford Pinchot Drive, Madison, WI 53726</affiliation>
      <role>
         <roleTerm type="text">author</roleTerm>
      </role>
   </name>
   <typeOfResource>text</typeOfResource>
   <genre>article</genre>
   <originInfo>
      <dateIssued encoding="w3cdtf" keyDate="yes">2008-06-25</dateIssued>
   </originInfo>
   <note type="treesearch-status">Informally Refereed (Peer-Reviewed)</note>
   <language>
      <languageTerm type="code" authority="iso639-2b">eng</languageTerm>
      <languageTerm type="text">English</languageTerm>
   </language>
   <abstract>The stand dynamics and production of two one-acre plots of eastern hemlock (&lt;i&gt;Tsuga canadensis&lt;/i&gt; L) in Connecticut have been followed for more than six decades. Data were recorded for all individual trees. One plot (Saltonstall) was established in 1924 after the removal of a hardwood overstory. This stand had a nearly pure, almost fully closed understory of hemlock that was subjected to partial cuttings in 1936, 1954, and 1956. The stand was lost to the hemlock woolly adelgid (&lt;i&gt;Adelges tsugae&lt;/i&gt;) in 1993. The other plot (Perry) was established in 1931 in a nearly pure hemlock stand that had arisen on an abandoned pasture around 1850. This plot had a crop-tree release cutting in 1931 and has not been infested with hemlock woolly adelgid.</abstract>
   <relatedItem type="series">
      <titleInfo type="abbreviated">
         <title>Gen. Tech. Rep.</title>
      </titleInfo>
      <titleInfo>
         <title>General Technical Report (GTR)</title>
      </titleInfo>
      <part>
         <detail type="volume">
            <number>267</number>
            <caption>v.</caption>
         </detail>
         <text type="year">2008</text>
         <text type="month">06</text>
         <text type="day">25</text>
         <extent unit="pages">
            <start>50</start>
            <end>54</end>
            <total>5</total>
         </extent>
      </part>
   </relatedItem>
   <identifier type="treesearch">3336</identifier>
   <identifier type="treesearch-pub">14638</identifier>
   <location>
      <url displayLabel="Direct access to publisher’s site">https://www.fs.usda.gov/treesearch/pubs/14638</url>
   </location>
   <location>
      <url displayLabel="Full Text in PDF">https://www.nrs.fs.fed.us/pubs/gtr/gtr_ne267/gtr_ne267_050.pdf</url>
   </location>
   <accessCondition type="use and reproduction" displayLabel="Resource is Open Access">
      <program xmlns="https://data.crossref.org/schemas/AccessIndicators.xsd">
         <license_ref>http://purl.org/eprint/accessRights/OpenAccess</license_ref>
      </program>
   </accessCondition>
   <extension>
      <vendorName>United States. Forest service</vendorName>
      <archiveFile>A-14638.json</archiveFile>
      <originalFile>file:/C:/Users/Carlos.Martinez/OneDrive%20-%20USDA/Desktop/json-to-mods-xslt/workingDir/A-14638.json</originalFile>
      <workingDirectory>file:/C:/Users/Carlos.Martinez/OneDrive%20-%20USDA/Desktop/json-to-mods-xslt/workingDir/</workingDirectory>
   </extension>
</mods>
