<?xml version="1.0" encoding="UTF-8"?>
<mods xmlns:mods="http://www.loc.gov/mods/v3"
      xmlns:xlink="http://www.w3.org/1999/xlink"
      xmlns:xsi="http://www.w3.org/2001/XMLSchema-instance"
      xmlns="http://www.loc.gov/mods/v3"
      version="3.7"
      xsi:schemaLocation="http://www.loc.gov/mods/v3 http://www.loc.gov/standards/mods/v3/mods-3-7.xsd">
   <titleInfo>
      <title>POM-assisted electrochemical delignification and bleaching of chemical pulp</title>
   </titleInfo>
   <name type="personal" usage="primary">
      <namePart type="given">Helene</namePart>
      <namePart type="family">Laroche</namePart>
      <displayForm>Laroche, Helene</displayForm>
      <role>
         <roleTerm type="text">author</roleTerm>
      </role>
   </name>
   <name type="personal">
      <namePart type="given">Mohini</namePart>
      <namePart type="family">Sain</namePart>
      <displayForm>Sain, Mohini</displayForm>
      <role>
         <roleTerm type="text">author</roleTerm>
      </role>
   </name>
   <name type="personal">
      <namePart type="given">Carl</namePart>
      <namePart type="family">Houtman</namePart>
      <displayForm>Houtman, Carl</displayForm>
      <affiliation>United States Department of Agriculture, Forest Service, Forest Products Laboratory, Engineered Composites Sciences, One Gifford Pinchot Drive, Madison, WI 53726</affiliation>
      <role>
         <roleTerm type="text">author</roleTerm>
      </role>
   </name>
   <name type="personal">
      <namePart type="given">Claude</namePart>
      <namePart type="family">Daneault</namePart>
      <displayForm>Daneault, Claude</displayForm>
      <role>
         <roleTerm type="text">author</roleTerm>
      </role>
   </name>
   <typeOfResource>text</typeOfResource>
   <genre>article</genre>
   <originInfo>
      <dateIssued encoding="w3cdtf" keyDate="yes">2008-03-25</dateIssued>
   </originInfo>
   <note type="treesearch-status">Informally Refereed (Peer-Reviewed)</note>
   <language>
      <languageTerm type="code" authority="iso639-2b">eng</languageTerm>
      <languageTerm type="text">English</languageTerm>
   </language>
   <abstract>A polyoxometalate-catalyzed electrochemical process has shown good selectivity in delignifying pulp. This breakthrough in redox catalysis shows promise for the development of a new environmentally benign technology for pulp bleaching. The electrochemical process, applied with a mildly alkaline electrolyte solution containing trace amounts of a vanadium-based polyoxometalate, K5[SiVW11O40], decreased the kappa number of a softwood Kraft pulp by about 40% without significant change in the viscosity of the pulp. In a similar electrochemical process, a softwood semi-bleached Kraft pulp was further bleached to a high brightness pulp, above 85% ISO, by electrolysing a borax-based electrolyte activated with tetraacetylethylenediamine in a pulp suspension.</abstract>
   <subject>
      <topic>Wood pulp</topic>
   </subject>
   <subject>
      <topic>viscosity</topic>
   </subject>
   <subject>
      <topic>vanadium</topic>
   </subject>
   <subject>
      <topic>electrochemistry</topic>
   </subject>
   <subject>
      <topic>sulphate pulping process</topic>
   </subject>
   <subject>
      <topic>polyoxometalates</topic>
   </subject>
   <subject>
      <topic>bleaching</topic>
   </subject>
   <subject>
      <topic>pulping</topic>
   </subject>
   <subject>
      <topic>chemical reactions</topic>
   </subject>
   <subject>
      <topic>catalysis</topic>
   </subject>
   <subject>
      <topic>lignin</topic>
   </subject>
   <subject>
      <topic>oxidation</topic>
   </subject>
   <subject>
      <topic>hydrogen</topic>
   </subject>
   <subject>
      <topic>ion exchange</topic>
   </subject>
   <subject>
      <topic>tetraacetylenediamine</topic>
   </subject>
   <subject>
      <topic>softwoods</topic>
   </subject>
   <subject>
      <topic>pulp and paper processes</topic>
   </subject>
   <subject>
      <topic>pulp</topic>
   </subject>
   <subject>
      <topic>delignification</topic>
   </subject>
   <subject>
      <topic>brightness</topic>
   </subject>
   <subject>
      <topic>chemical pulp</topic>
   </subject>
   <subject>
      <topic>electrochemistry</topic>
   </subject>
   <relatedItem type="host">
      <titleInfo>
         <title>Cellulose chemistry and technology. Vol , nos   ): Pages  .</title>
      </titleInfo>
      <part>
         <text type="year">2008</text>
         <text type="month">03</text>
         <text type="day">25</text>
         <extent unit="pages">
            <start>503</start>
            <end>511</end>
            <total>9</total>
         </extent>
      </part>
   </relatedItem>
   <identifier type="treesearch">116</identifier>
   <identifier type="treesearch-pub">29552</identifier>
   <location>
      <url displayLabel="Direct access to publisher’s site">https://www.fs.usda.gov/treesearch/pubs/29552</url>
   </location>
   <location>
      <url displayLabel="Full Text in PDF">https://www.fpl.fs.fed.us/documnts/pdf2001/laroc01a.pdf</url>
   </location>
   <accessCondition type="use and reproduction" displayLabel="Resource is Open Access">
      <program xmlns="https://data.crossref.org/schemas/AccessIndicators.xsd">
         <license_ref>http://purl.org/eprint/accessRights/OpenAccess</license_ref>
      </program>
   </accessCondition>
   <extension>
      <vendorName>United States. Forest service</vendorName>
      <archiveFile>A-29552.json</archiveFile>
      <originalFile>file:/C:/Users/Carlos.Martinez/OneDrive%20-%20USDA/Desktop/json-to-mods-xslt/workingDir/A-29552.json</originalFile>
      <workingDirectory>file:/C:/Users/Carlos.Martinez/OneDrive%20-%20USDA/Desktop/json-to-mods-xslt/workingDir/</workingDirectory>
   </extension>
</mods>
